<?xml version="1.0" encoding="UTF-8"?>
<GenRun Id="impl_1" LaunchPart="xc7a100tcsg324-1" LaunchTime="1748219425">
  <File Type="ROUTE-PWR" Name="MAIN_GENERAL_power_routed.rpt"/>
  <File Type="PA-TCL" Name="MAIN_GENERAL.tcl"/>
  <File Type="ROUTE-PWR-SUM" Name="MAIN_GENERAL_power_summary_routed.pb"/>
  <File Type="REPORTS-TCL" Name="MAIN_GENERAL_reports.tcl"/>
  <File Type="OPT-RQA-PB" Name="MAIN_GENERAL_rqa_opted.pb"/>
  <File Type="BITSTR-MMI" Name="MAIN_GENERAL.mmi"/>
  <File Type="OPT-METHODOLOGY-DRC" Name="MAIN_GENERAL_methodology_drc_opted.rpt"/>
  <File Type="INIT-TIMING" Name="MAIN_GENERAL_timing_summary_init.rpt"/>
  <File Type="OPT-TIMING" Name="MAIN_GENERAL_timing_summary_opted.rpt"/>
  <File Type="OPT-DCP" Name="MAIN_GENERAL_opt.dcp"/>
  <File Type="OPT-DRC" Name="MAIN_GENERAL_drc_opted.rpt"/>
  <File Type="OPT-HWDEF" Name="MAIN_GENERAL.hwdef"/>
  <File Type="PWROPT-DCP" Name="MAIN_GENERAL_pwropt.dcp"/>
  <File Type="PWROPT-DRC" Name="MAIN_GENERAL_drc_pwropted.rpt"/>
  <File Type="PWROPT-TIMING" Name="MAIN_GENERAL_timing_summary_pwropted.rpt"/>
  <File Type="PLACE-DCP" Name="MAIN_GENERAL_placed.dcp"/>
  <File Type="PLACE-IO" Name="MAIN_GENERAL_io_placed.rpt"/>
  <File Type="PLACE-CLK" Name="MAIN_GENERAL_clock_utilization_placed.rpt"/>
  <File Type="PLACE-UTIL" Name="MAIN_GENERAL_utilization_placed.rpt"/>
  <File Type="PLACE-UTIL-PB" Name="MAIN_GENERAL_utilization_placed.pb"/>
  <File Type="PLACE-CTRL" Name="MAIN_GENERAL_control_sets_placed.rpt"/>
  <File Type="PLACE-SIMILARITY" Name="MAIN_GENERAL_incremental_reuse_placed.rpt"/>
  <File Type="PLACE-PRE-SIMILARITY" Name="MAIN_GENERAL_incremental_reuse_pre_placed.rpt"/>
  <File Type="BG-BIN" Name="MAIN_GENERAL.bin"/>
  <File Type="PLACE-TIMING" Name="MAIN_GENERAL_timing_summary_placed.rpt"/>
  <File Type="ROUTE-PWR-RPX" Name="MAIN_GENERAL_power_routed.rpx"/>
  <File Type="PLACE-RQA-PB" Name="MAIN_GENERAL_rqa_placed.pb"/>
  <File Type="POSTPLACE-PWROPT-DCP" Name="MAIN_GENERAL_postplace_pwropt.dcp"/>
  <File Type="BITSTR-MSK" Name="MAIN_GENERAL.msk"/>
  <File Type="POSTPLACE-PWROPT-TIMING" Name="MAIN_GENERAL_timing_summary_postplace_pwropted.rpt"/>
  <File Type="PHYSOPT-DCP" Name="MAIN_GENERAL_physopt.dcp"/>
  <File Type="PHYSOPT-DRC" Name="MAIN_GENERAL_drc_physopted.rpt"/>
  <File Type="BITSTR-RBT" Name="MAIN_GENERAL.rbt"/>
  <File Type="PHYSOPT-TIMING" Name="MAIN_GENERAL_timing_summary_physopted.rpt"/>
  <File Type="ROUTE-ERROR-DCP" Name="MAIN_GENERAL_routed_error.dcp"/>
  <File Type="ROUTE-DCP" Name="MAIN_GENERAL_routed.dcp"/>
  <File Type="ROUTE-BLACKBOX-DCP" Name="MAIN_GENERAL_routed_bb.dcp"/>
  <File Type="ROUTE-DRC" Name="MAIN_GENERAL_drc_routed.rpt"/>
  <File Type="ROUTE-DRC-PB" Name="MAIN_GENERAL_drc_routed.pb"/>
  <File Type="ROUTE-DRC-RPX" Name="MAIN_GENERAL_drc_routed.rpx"/>
  <File Type="ROUTE-METHODOLOGY-DRC" Name="MAIN_GENERAL_methodology_drc_routed.rpt"/>
  <File Type="ROUTE-METHODOLOGY-DRC-RPX" Name="MAIN_GENERAL_methodology_drc_routed.rpx"/>
  <File Type="ROUTE-METHODOLOGY-DRC-PB" Name="MAIN_GENERAL_methodology_drc_routed.pb"/>
  <File Type="ROUTE-RQS-PB" Name="MAIN_GENERAL_rqs_routed.pb"/>
  <File Type="ROUTE-STATUS" Name="MAIN_GENERAL_route_status.rpt"/>
  <File Type="ROUTE-STATUS-PB" Name="MAIN_GENERAL_route_status.pb"/>
  <File Type="ROUTE-TIMINGSUMMARY" Name="MAIN_GENERAL_timing_summary_routed.rpt"/>
  <File Type="ROUTE-TIMING-PB" Name="MAIN_GENERAL_timing_summary_routed.pb"/>
  <File Type="ROUTE-TIMING-RPX" Name="MAIN_GENERAL_timing_summary_routed.rpx"/>
  <File Type="ROUTE-SIMILARITY" Name="MAIN_GENERAL_incremental_reuse_routed.rpt"/>
  <File Type="ROUTE-CLK" Name="MAIN_GENERAL_clock_utilization_routed.rpt"/>
  <File Type="ROUTE-BUS-SKEW" Name="MAIN_GENERAL_bus_skew_routed.rpt"/>
  <File Type="ROUTE-BUS-SKEW-PB" Name="MAIN_GENERAL_bus_skew_routed.pb"/>
  <File Type="ROUTE-BUS-SKEW-RPX" Name="MAIN_GENERAL_bus_skew_routed.rpx"/>
  <File Type="POSTROUTE-PHYSOPT-DCP" Name="MAIN_GENERAL_postroute_physopt.dcp"/>
  <File Type="POSTROUTE-PHYSOPT-BLACKBOX-DCP" Name="MAIN_GENERAL_postroute_physopt_bb.dcp"/>
  <File Type="POSTROUTE-PHYSOPT-TIMING" Name="MAIN_GENERAL_timing_summary_postroute_physopted.rpt"/>
  <File Type="POSTROUTE-PHYSOPT-TIMING-PB" Name="MAIN_GENERAL_timing_summary_postroute_physopted.pb"/>
  <File Type="POSTROUTE-PHYSOPT-TIMING-RPX" Name="MAIN_GENERAL_timing_summary_postroute_physopted.rpx"/>
  <File Type="POSTROUTE-PHYSOPT-BUS-SKEW" Name="MAIN_GENERAL_bus_skew_postroute_physopted.rpt"/>
  <File Type="BG-BIT" Name="MAIN_GENERAL.bit"/>
  <File Type="POSTROUTE-PHYSOPT-BUS-SKEW-PB" Name="MAIN_GENERAL_bus_skew_postroute_physopted.pb"/>
  <File Type="POSTROUTE-PHYSOPT-BUS-SKEW-RPX" Name="MAIN_GENERAL_bus_skew_postroute_physopted.rpx"/>
  <File Type="BITSTR-NKY" Name="MAIN_GENERAL.nky"/>
  <File Type="BITSTR-BMM" Name="MAIN_GENERAL_bd.bmm"/>
  <File Type="PDI-FILE" Name="MAIN_GENERAL.pdi"/>
  <File Type="BOOT-PDI-FILE" Name="MAIN_GENERAL_boot.pdi"/>
  <File Type="PL-PDI-FILE" Name="MAIN_GENERAL_pld.pdi"/>
  <File Type="RCFI_FILE" Name="MAIN_GENERAL.rcfi"/>
  <File Type="CFI_FILE" Name="MAIN_GENERAL.cfi"/>
  <File Type="RNPI_FILE" Name="MAIN_GENERAL.rnpi"/>
  <File Type="NPI_FILE" Name="MAIN_GENERAL.npi"/>
  <File Type="RBD_FILE" Name="MAIN_GENERAL.rbd"/>
  <File Type="BITSTR-LTX" Name="debug_nets.ltx"/>
  <File Type="BITSTR-LTX" Name="MAIN_GENERAL.ltx"/>
  <File Type="BITSTR-SYSDEF" Name="MAIN_GENERAL.sysdef"/>
  <File Type="BG-BGN" Name="MAIN_GENERAL.bgn"/>
  <File Type="BG-DRC" Name="MAIN_GENERAL.drc"/>
  <File Type="RDI-RDI" Name="MAIN_GENERAL.vdi"/>
  <File Type="WBT-USG" Name="usage_statistics_webtalk.html"/>
  <File Type="ROUTE-RQS" Name="MAIN_GENERAL_routed.rqs"/>
  <File Type="POSTROUTE-PHYSOPT-RQS" Name="MAIN_GENERAL_postroute_physopted.rqs"/>
  <File Type="ROUTE-RQS-RPT" Name="route_report_qor_suggestions_0.rpt"/>
  <File Type="POSTROUTE-PHYSOPT-RQS-RPT" Name="postroute_physopt_report_qor_suggestions_0.rpt"/>
  <FileSet Name="sources" Type="DesignSrcs" RelSrcDir="$PSRCDIR/sources_1" RelGenDir="$PGENDIR/sources_1">
    <Filter Type="Srcs"/>
    <File Path="$PSRCDIR/sources_1/new/ALU_Main.vhd">
      <FileInfo>
        <Attr Name="UsedIn" Val="synthesis"/>
        <Attr Name="UsedIn" Val="simulation"/>
      </FileInfo>
    </File>
    <File Path="$PSRCDIR/sources_1/new/Banco_Registros.vhd">
      <FileInfo>
        <Attr Name="UsedIn" Val="synthesis"/>
        <Attr Name="UsedIn" Val="simulation"/>
      </FileInfo>
    </File>
    <File Path="$PSRCDIR/sources_1/new/Code_Address_Register.vhd">
      <FileInfo>
        <Attr Name="UsedIn" Val="synthesis"/>
        <Attr Name="UsedIn" Val="simulation"/>
      </FileInfo>
    </File>
    <File Path="$PSRCDIR/sources_1/new/Cont_7.vhd">
      <FileInfo>
        <Attr Name="UsedIn" Val="synthesis"/>
        <Attr Name="UsedIn" Val="simulation"/>
      </FileInfo>
    </File>
    <File Path="$PSRCDIR/sources_1/new/Control_Unit.vhd">
      <FileInfo>
        <Attr Name="UsedIn" Val="synthesis"/>
        <Attr Name="UsedIn" Val="simulation"/>
      </FileInfo>
    </File>
    <File Path="$PSRCDIR/sources_1/new/DecoBCD_7.vhd">
      <FileInfo>
        <Attr Name="UsedIn" Val="synthesis"/>
        <Attr Name="UsedIn" Val="simulation"/>
      </FileInfo>
    </File>
    <File Path="$PSRCDIR/sources_1/new/Deco_3a8.vhd">
      <FileInfo>
        <Attr Name="UsedIn" Val="synthesis"/>
        <Attr Name="UsedIn" Val="simulation"/>
      </FileInfo>
    </File>
    <File Path="$PSRCDIR/sources_1/new/Deco_3a8_Visualizacion.vhd">
      <FileInfo>
        <Attr Name="UsedIn" Val="synthesis"/>
        <Attr Name="UsedIn" Val="simulation"/>
      </FileInfo>
    </File>
    <File Path="$PSRCDIR/sources_1/new/Div_frec.vhd">
      <FileInfo>
        <Attr Name="UsedIn" Val="synthesis"/>
        <Attr Name="UsedIn" Val="simulation"/>
      </FileInfo>
    </File>
    <File Path="$PSRCDIR/sources_1/new/DoubleCont7.vhd">
      <FileInfo>
        <Attr Name="UsedIn" Val="synthesis"/>
        <Attr Name="UsedIn" Val="simulation"/>
      </FileInfo>
    </File>
    <File Path="$PSRCDIR/sources_1/new/FrecX8.vhd">
      <FileInfo>
        <Attr Name="UsedIn" Val="synthesis"/>
        <Attr Name="UsedIn" Val="simulation"/>
      </FileInfo>
    </File>
    <File Path="$PSRCDIR/sources_1/new/Instruction_Decoder.vhd">
      <FileInfo>
        <Attr Name="UsedIn" Val="synthesis"/>
        <Attr Name="UsedIn" Val="simulation"/>
      </FileInfo>
    </File>
    <File Path="$PSRCDIR/sources_1/new/MUX4to1_8bits.vhd">
      <FileInfo>
        <Attr Name="UsedIn" Val="synthesis"/>
        <Attr Name="UsedIn" Val="simulation"/>
      </FileInfo>
    </File>
    <File Path="$PSRCDIR/sources_1/new/MUX8to1.vhd">
      <FileInfo>
        <Attr Name="UsedIn" Val="synthesis"/>
        <Attr Name="UsedIn" Val="simulation"/>
      </FileInfo>
    </File>
    <File Path="$PSRCDIR/sources_1/new/Main_DataPath.vhd">
      <FileInfo>
        <Attr Name="UsedIn" Val="synthesis"/>
        <Attr Name="UsedIn" Val="simulation"/>
      </FileInfo>
    </File>
    <File Path="$PSRCDIR/sources_1/new/Memoria_Control.vhd">
      <FileInfo>
        <Attr Name="UsedIn" Val="synthesis"/>
        <Attr Name="UsedIn" Val="simulation"/>
      </FileInfo>
    </File>
    <File Path="$PSRCDIR/sources_1/new/Memoria_Datos_ScratchPad.vhd">
      <FileInfo>
        <Attr Name="UsedIn" Val="synthesis"/>
        <Attr Name="UsedIn" Val="simulation"/>
      </FileInfo>
    </File>
    <File Path="$PSRCDIR/sources_1/new/Memoria_Programa.vhd">
      <FileInfo>
        <Attr Name="UsedIn" Val="synthesis"/>
        <Attr Name="UsedIn" Val="simulation"/>
      </FileInfo>
    </File>
    <File Path="$PSRCDIR/sources_1/new/Memory_Address_Register.vhd">
      <FileInfo>
        <Attr Name="UsedIn" Val="synthesis"/>
        <Attr Name="UsedIn" Val="simulation"/>
      </FileInfo>
    </File>
    <File Path="$PSRCDIR/sources_1/new/Memory_Buffer_Register.vhd">
      <FileInfo>
        <Attr Name="UsedIn" Val="synthesis"/>
        <Attr Name="UsedIn" Val="simulation"/>
      </FileInfo>
    </File>
    <File Path="$PSRCDIR/sources_1/new/MuxCuadruple_8.vhd">
      <FileInfo>
        <Attr Name="UsedIn" Val="synthesis"/>
        <Attr Name="UsedIn" Val="simulation"/>
      </FileInfo>
    </File>
    <File Path="$PSRCDIR/sources_1/new/Mux_2a1.vhd">
      <FileInfo>
        <Attr Name="UsedIn" Val="synthesis"/>
        <Attr Name="UsedIn" Val="simulation"/>
      </FileInfo>
    </File>
    <File Path="$PSRCDIR/sources_1/new/PC.vhd">
      <FileInfo>
        <Attr Name="UsedIn" Val="synthesis"/>
        <Attr Name="UsedIn" Val="simulation"/>
      </FileInfo>
    </File>
    <File Path="$PSRCDIR/sources_1/new/Registro_Estado_Flag_Reg.vhd">
      <FileInfo>
        <Attr Name="UsedIn" Val="synthesis"/>
        <Attr Name="UsedIn" Val="simulation"/>
      </FileInfo>
    </File>
    <File Path="$PSRCDIR/sources_1/new/Registro_Paralelo.vhd">
      <FileInfo>
        <Attr Name="UsedIn" Val="synthesis"/>
        <Attr Name="UsedIn" Val="simulation"/>
      </FileInfo>
    </File>
    <File Path="$PSRCDIR/sources_1/new/Registro_Serie.vhd">
      <FileInfo>
        <Attr Name="UsedIn" Val="synthesis"/>
        <Attr Name="UsedIn" Val="simulation"/>
      </FileInfo>
    </File>
    <File Path="$PSRCDIR/sources_1/new/STACK.vhd">
      <FileInfo>
        <Attr Name="UsedIn" Val="synthesis"/>
        <Attr Name="UsedIn" Val="simulation"/>
      </FileInfo>
    </File>
    <File Path="$PSRCDIR/sources_1/new/UART.vhd">
      <FileInfo>
        <Attr Name="UsedIn" Val="synthesis"/>
        <Attr Name="UsedIn" Val="simulation"/>
      </FileInfo>
    </File>
    <File Path="$PSRCDIR/sources_1/new/UART_ControlUnit.vhd">
      <FileInfo>
        <Attr Name="UsedIn" Val="synthesis"/>
        <Attr Name="UsedIn" Val="simulation"/>
      </FileInfo>
    </File>
    <File Path="$PSRCDIR/sources_1/new/UART_DataPath.vhd">
      <FileInfo>
        <Attr Name="UsedIn" Val="synthesis"/>
        <Attr Name="UsedIn" Val="simulation"/>
      </FileInfo>
    </File>
    <File Path="$PSRCDIR/sources_1/new/MAIN_GENERAL.vhd">
      <FileInfo>
        <Attr Name="UsedIn" Val="synthesis"/>
        <Attr Name="UsedIn" Val="simulation"/>
      </FileInfo>
    </File>
    <Config>
      <Option Name="DesignMode" Val="RTL"/>
      <Option Name="TopModule" Val="MAIN_GENERAL"/>
      <Option Name="TopAutoSet" Val="TRUE"/>
    </Config>
  </FileSet>
  <FileSet Name="constrs_in" Type="Constrs" RelSrcDir="$PSRCDIR/constrs_1" RelGenDir="$PGENDIR/constrs_1">
    <Filter Type="Constrs"/>
    <File Path="$PSRCDIR/constrs_1/new/pines_micro.xdc">
      <FileInfo>
        <Attr Name="UsedIn" Val="synthesis"/>
        <Attr Name="UsedIn" Val="implementation"/>
      </FileInfo>
    </File>
    <Config>
      <Option Name="ConstrsType" Val="XDC"/>
    </Config>
  </FileSet>
  <FileSet Name="utils" Type="Utils" RelSrcDir="$PSRCDIR/utils_1" RelGenDir="$PGENDIR/utils_1">
    <Filter Type="Utils"/>
    <File Path="$PSRCDIR/utils_1/imports/synth_1/MAIN_GENERAL.dcp">
      <FileInfo>
        <Attr Name="UsedIn" Val="synthesis"/>
        <Attr Name="UsedIn" Val="implementation"/>
        <Attr Name="UsedInSteps" Val="synth_1"/>
        <Attr Name="AutoDcp" Val="1"/>
      </FileInfo>
    </File>
    <Config>
      <Option Name="TopAutoSet" Val="TRUE"/>
    </Config>
  </FileSet>
  <Strategy Version="1" Minor="2">
    <StratHandle Name="Vivado Implementation Defaults" Flow="Vivado Implementation 2024"/>
    <Step Id="init_design"/>
    <Step Id="opt_design"/>
    <Step Id="power_opt_design"/>
    <Step Id="place_design"/>
    <Step Id="post_place_power_opt_design"/>
    <Step Id="phys_opt_design"/>
    <Step Id="route_design"/>
    <Step Id="post_route_phys_opt_design"/>
    <Step Id="write_bitstream"/>
  </Strategy>
</GenRun>
